                  epoch,         train/box_loss,         train/cls_loss,         train/dfl_loss,   metrics/precision(B),      metrics/recall(B),       metrics/mAP50(B),    metrics/mAP50-95(B),           val/box_loss,           val/cls_loss,           val/dfl_loss,                 lr/pg0,                 lr/pg1,                 lr/pg2
                      1,                 2.7292,                 3.6503,                 4.3385,                0.00549,                      1,                0.01926,                  0.006,                 2.8351,                 3.5527,                 4.1587,                      0,                      0,                      0
                      2,                 3.0104,                 3.7613,                 4.3967,                0.00563,                      1,                0.02349,                0.00796,                  2.835,                 3.5523,                 4.1586,              1.604e-05,              1.604e-05,              1.604e-05
                      3,                 2.9054,                 3.6513,                 4.2597,                0.00584,                      1,                0.02068,                0.00661,                 2.8349,                  3.552,                 4.1585,              2.416e-05,              2.416e-05,              2.416e-05
                      4,                 3.2762,                  3.642,                 4.4489,                0.00574,                      1,                0.02006,                0.00682,                 2.8348,                 3.5517,                 4.1583,              2.436e-05,              2.436e-05,              2.436e-05
                      5,                 3.0355,                  3.756,                 4.5082,                0.00596,                      1,                0.01925,                0.00624,                 2.8347,                 3.5514,                 4.1582,              1.664e-05,              1.664e-05,              1.664e-05
